Mean,Median,Mode,Standard Deviation
5.458882962962963,4.658,0.0,3.3744954121341704
